run_id,question,author,date,source_commit,ns3_version,command,topology,aggregation,rts,configured_duration_s,measurement_interval,metric,value,units,capture_reference,notes
q2-1-baseline,Q2-1,Codex-assisted run,2026-09-20,ee37baa27054d1f7bc0d03c907835170d6afad71,3.47,"./ns3 run ""wifi6610 --phyRate=HtMcs4 --simulationTime=3""","AP=(0,0,0) m; STA=(10,0,0) m; distance=10 m",large A-MPDU enabled (starter default),disabled,3,traffic starts 1 s; stop 4 s; sink total bytes / 3 s,final application receive throughput at AP,31.9758,Mbit/s,,100 Mbps offered; HtMcs4; 5 GHz; 20 MHz; GI=800 ns default; TcpNewReno; payloadSize=1472 bytes; default RngSeed=1/RngRun=1; PCAP disabled; source unchanged from commit; SHA256=6a1f42017805d89489baee8af730b35402397ba574f830704d67f6794d426be0; raw log=/home/yuexin/ns-3.47/q2-1-baseline.log
q2-distance-005m,Q2-2,Codex-assisted run,2026-09-20,ee37baa27054d1f7bc0d03c907835170d6afad71,3.47,"./ns3 run ""wifi6610 --phyRate=HtMcs4 --simulationTime=3 --distance=5""","AP=(0,0,0) m; STA=(5,0,0) m; distance=5 m",large A-MPDU enabled (starter default),disabled,3,traffic starts 1 s; stop 4 s; sink total bytes / 3 s,final application receive throughput at AP,31.9797,Mbit/s,,Uncommitted source change: added --distance; SHA256=81c96f346e37c41a228c09da4e6b2b863652634facd7b90698b8137806b9294c; HtMcs4; 100 Mbps offered; 5 GHz; 20 MHz; GI=800 ns; TcpNewReno; payloadSize=1472; default RngSeed=1/RngRun=1; PCAP disabled; raw log=/home/yuexin/ns-3.47/q2-distance-logs/distance-005m.log
q2-distance-010m,Q2-2,Codex-assisted run,2026-09-20,ee37baa27054d1f7bc0d03c907835170d6afad71,3.47,"./ns3 run ""wifi6610 --phyRate=HtMcs4 --simulationTime=3 --distance=10""","AP=(0,0,0) m; STA=(10,0,0) m; distance=10 m",large A-MPDU enabled (starter default),disabled,3,traffic starts 1 s; stop 4 s; sink total bytes / 3 s,final application receive throughput at AP,31.9758,Mbit/s,,Uncommitted source change: added --distance; SHA256=81c96f346e37c41a228c09da4e6b2b863652634facd7b90698b8137806b9294c; HtMcs4; 100 Mbps offered; 5 GHz; 20 MHz; GI=800 ns; TcpNewReno; payloadSize=1472; default RngSeed=1/RngRun=1; PCAP disabled; raw log=/home/yuexin/ns-3.47/q2-distance-logs/distance-010m.log
q2-distance-015m,Q2-2,Codex-assisted run,2026-09-20,ee37baa27054d1f7bc0d03c907835170d6afad71,3.47,"./ns3 run ""wifi6610 --phyRate=HtMcs4 --simulationTime=3 --distance=15""","AP=(0,0,0) m; STA=(15,0,0) m; distance=15 m",large A-MPDU enabled (starter default),disabled,3,traffic starts 1 s; stop 4 s; sink total bytes / 3 s,final application receive throughput at AP,31.9758,Mbit/s,,Uncommitted source change: added --distance; SHA256=81c96f346e37c41a228c09da4e6b2b863652634facd7b90698b8137806b9294c; HtMcs4; 100 Mbps offered; 5 GHz; 20 MHz; GI=800 ns; TcpNewReno; payloadSize=1472; default RngSeed=1/RngRun=1; PCAP disabled; raw log=/home/yuexin/ns-3.47/q2-distance-logs/distance-015m.log
q2-distance-020m,Q2-2,Codex-assisted run,2026-09-20,ee37baa27054d1f7bc0d03c907835170d6afad71,3.47,"./ns3 run ""wifi6610 --phyRate=HtMcs4 --simulationTime=3 --distance=20""","AP=(0,0,0) m; STA=(20,0,0) m; distance=20 m",large A-MPDU enabled (starter default),disabled,3,traffic starts 1 s; stop 4 s; sink total bytes / 3 s,final application receive throughput at AP,31.9915,Mbit/s,,Uncommitted source change: added --distance; SHA256=81c96f346e37c41a228c09da4e6b2b863652634facd7b90698b8137806b9294c; HtMcs4; 100 Mbps offered; 5 GHz; 20 MHz; GI=800 ns; TcpNewReno; payloadSize=1472; default RngSeed=1/RngRun=1; PCAP disabled; raw log=/home/yuexin/ns-3.47/q2-distance-logs/distance-020m.log
q2-distance-025m,Q2-2,Codex-assisted run,2026-09-20,ee37baa27054d1f7bc0d03c907835170d6afad71,3.47,"./ns3 run ""wifi6610 --phyRate=HtMcs4 --simulationTime=3 --distance=25""","AP=(0,0,0) m; STA=(25,0,0) m; distance=25 m",large A-MPDU enabled (starter default),disabled,3,traffic starts 1 s; stop 4 s; sink total bytes / 3 s,final application receive throughput at AP,31.9797,Mbit/s,,Uncommitted source change: added --distance; SHA256=81c96f346e37c41a228c09da4e6b2b863652634facd7b90698b8137806b9294c; HtMcs4; 100 Mbps offered; 5 GHz; 20 MHz; GI=800 ns; TcpNewReno; payloadSize=1472; default RngSeed=1/RngRun=1; PCAP disabled; raw log=/home/yuexin/ns-3.47/q2-distance-logs/distance-025m.log
q2-distance-030m,Q2-2,Codex-assisted run,2026-09-20,ee37baa27054d1f7bc0d03c907835170d6afad71,3.47,"./ns3 run ""wifi6610 --phyRate=HtMcs4 --simulationTime=3 --distance=30""","AP=(0,0,0) m; STA=(30,0,0) m; distance=30 m",large A-MPDU enabled (starter default),disabled,3,traffic starts 1 s; stop 4 s; sink total bytes / 3 s,final application receive throughput at AP,31.9797,Mbit/s,,Uncommitted source change: added --distance; SHA256=81c96f346e37c41a228c09da4e6b2b863652634facd7b90698b8137806b9294c; HtMcs4; 100 Mbps offered; 5 GHz; 20 MHz; GI=800 ns; TcpNewReno; payloadSize=1472; default RngSeed=1/RngRun=1; PCAP disabled; raw log=/home/yuexin/ns-3.47/q2-distance-logs/distance-030m.log
q2-distance-035m,Q2-2,Codex-assisted run,2026-09-20,ee37baa27054d1f7bc0d03c907835170d6afad71,3.47,"./ns3 run ""wifi6610 --phyRate=HtMcs4 --simulationTime=3 --distance=35""","AP=(0,0,0) m; STA=(35,0,0) m; distance=35 m",large A-MPDU enabled (starter default),disabled,3,traffic starts 1 s; stop 4 s; sink total bytes / 3 s,final application receive throughput at AP,31.9758,Mbit/s,,Uncommitted source change: added --distance; SHA256=81c96f346e37c41a228c09da4e6b2b863652634facd7b90698b8137806b9294c; HtMcs4; 100 Mbps offered; 5 GHz; 20 MHz; GI=800 ns; TcpNewReno; payloadSize=1472; default RngSeed=1/RngRun=1; PCAP disabled; raw log=/home/yuexin/ns-3.47/q2-distance-logs/distance-035m.log
q2-distance-040m,Q2-2,Codex-assisted run,2026-09-20,ee37baa27054d1f7bc0d03c907835170d6afad71,3.47,"./ns3 run ""wifi6610 --phyRate=HtMcs4 --simulationTime=3 --distance=40""","AP=(0,0,0) m; STA=(40,0,0) m; distance=40 m",large A-MPDU enabled (starter default),disabled,3,traffic starts 1 s; stop 4 s; sink total bytes / 3 s,final application receive throughput at AP,30.28,Mbit/s,,Uncommitted source change: added --distance; SHA256=81c96f346e37c41a228c09da4e6b2b863652634facd7b90698b8137806b9294c; HtMcs4; 100 Mbps offered; 5 GHz; 20 MHz; GI=800 ns; TcpNewReno; payloadSize=1472; default RngSeed=1/RngRun=1; PCAP disabled; raw log=/home/yuexin/ns-3.47/q2-distance-logs/distance-040m.log
q2-distance-045m,Q2-2,Codex-assisted run,2026-09-20,ee37baa27054d1f7bc0d03c907835170d6afad71,3.47,"./ns3 run ""wifi6610 --phyRate=HtMcs4 --simulationTime=3 --distance=45""","AP=(0,0,0) m; STA=(45,0,0) m; distance=45 m",large A-MPDU enabled (starter default),disabled,3,traffic starts 1 s; stop 4 s; sink total bytes / 3 s,final application receive throughput at AP,30.2761,Mbit/s,,Uncommitted source change: added --distance; SHA256=81c96f346e37c41a228c09da4e6b2b863652634facd7b90698b8137806b9294c; HtMcs4; 100 Mbps offered; 5 GHz; 20 MHz; GI=800 ns; TcpNewReno; payloadSize=1472; default RngSeed=1/RngRun=1; PCAP disabled; raw log=/home/yuexin/ns-3.47/q2-distance-logs/distance-045m.log
q2-distance-050m,Q2-2,Codex-assisted run,2026-09-20,ee37baa27054d1f7bc0d03c907835170d6afad71,3.47,"./ns3 run ""wifi6610 --phyRate=HtMcs4 --simulationTime=3 --distance=50""","AP=(0,0,0) m; STA=(50,0,0) m; distance=50 m",large A-MPDU enabled (starter default),disabled,3,traffic starts 1 s; stop 4 s; sink total bytes / 3 s,final application receive throughput at AP,30.2761,Mbit/s,,Uncommitted source change: added --distance; SHA256=81c96f346e37c41a228c09da4e6b2b863652634facd7b90698b8137806b9294c; HtMcs4; 100 Mbps offered; 5 GHz; 20 MHz; GI=800 ns; TcpNewReno; payloadSize=1472; default RngSeed=1/RngRun=1; PCAP disabled; raw log=/home/yuexin/ns-3.47/q2-distance-logs/distance-050m.log
q2-distance-055m,Q2-2,Codex-assisted run,2026-09-20,ee37baa27054d1f7bc0d03c907835170d6afad71,3.47,"./ns3 run ""wifi6610 --phyRate=HtMcs4 --simulationTime=3 --distance=55""","AP=(0,0,0) m; STA=(55,0,0) m; distance=55 m",large A-MPDU enabled (starter default),disabled,3,traffic starts 1 s; stop 4 s; sink total bytes / 3 s,final application receive throughput at AP,30.2761,Mbit/s,,Uncommitted source change: added --distance; SHA256=81c96f346e37c41a228c09da4e6b2b863652634facd7b90698b8137806b9294c; HtMcs4; 100 Mbps offered; 5 GHz; 20 MHz; GI=800 ns; TcpNewReno; payloadSize=1472; default RngSeed=1/RngRun=1; PCAP disabled; raw log=/home/yuexin/ns-3.47/q2-distance-logs/distance-055m.log
q2-distance-060m,Q2-2,Codex-assisted run,2026-09-20,ee37baa27054d1f7bc0d03c907835170d6afad71,3.47,"./ns3 run ""wifi6610 --phyRate=HtMcs4 --simulationTime=3 --distance=60""","AP=(0,0,0) m; STA=(60,0,0) m; distance=60 m",large A-MPDU enabled (starter default),disabled,3,traffic starts 1 s; stop 4 s; sink total bytes / 3 s,final application receive throughput at AP,30.2761,Mbit/s,,Uncommitted source change: added --distance; SHA256=81c96f346e37c41a228c09da4e6b2b863652634facd7b90698b8137806b9294c; HtMcs4; 100 Mbps offered; 5 GHz; 20 MHz; GI=800 ns; TcpNewReno; payloadSize=1472; default RngSeed=1/RngRun=1; PCAP disabled; raw log=/home/yuexin/ns-3.47/q2-distance-logs/distance-060m.log
q2-distance-065m,Q2-2,Codex-assisted run,2026-09-20,ee37baa27054d1f7bc0d03c907835170d6afad71,3.47,"./ns3 run ""wifi6610 --phyRate=HtMcs4 --simulationTime=3 --distance=65""","AP=(0,0,0) m; STA=(65,0,0) m; distance=65 m",large A-MPDU enabled (starter default),disabled,3,traffic starts 1 s; stop 4 s; sink total bytes / 3 s,final application receive throughput at AP,30.2761,Mbit/s,,Uncommitted source change: added --distance; SHA256=81c96f346e37c41a228c09da4e6b2b863652634facd7b90698b8137806b9294c; HtMcs4; 100 Mbps offered; 5 GHz; 20 MHz; GI=800 ns; TcpNewReno; payloadSize=1472; default RngSeed=1/RngRun=1; PCAP disabled; raw log=/home/yuexin/ns-3.47/q2-distance-logs/distance-065m.log
q2-distance-070m,Q2-2,Codex-assisted run,2026-09-20,ee37baa27054d1f7bc0d03c907835170d6afad71,3.47,"./ns3 run ""wifi6610 --phyRate=HtMcs4 --simulationTime=3 --distance=70""","AP=(0,0,0) m; STA=(70,0,0) m; distance=70 m",large A-MPDU enabled (starter default),disabled,3,traffic starts 1 s; stop 4 s; sink total bytes / 3 s,final application receive throughput at AP,30.2761,Mbit/s,,Uncommitted source change: added --distance; SHA256=81c96f346e37c41a228c09da4e6b2b863652634facd7b90698b8137806b9294c; HtMcs4; 100 Mbps offered; 5 GHz; 20 MHz; GI=800 ns; TcpNewReno; payloadSize=1472; default RngSeed=1/RngRun=1; PCAP disabled; raw log=/home/yuexin/ns-3.47/q2-distance-logs/distance-070m.log
q2-distance-075m,Q2-2,Codex-assisted run,2026-09-20,ee37baa27054d1f7bc0d03c907835170d6afad71,3.47,"./ns3 run ""wifi6610 --phyRate=HtMcs4 --simulationTime=3 --distance=75""","AP=(0,0,0) m; STA=(75,0,0) m; distance=75 m",large A-MPDU enabled (starter default),disabled,3,traffic starts 1 s; stop 4 s; sink total bytes / 3 s,final application receive throughput at AP,30.2761,Mbit/s,,Uncommitted source change: added --distance; SHA256=81c96f346e37c41a228c09da4e6b2b863652634facd7b90698b8137806b9294c; HtMcs4; 100 Mbps offered; 5 GHz; 20 MHz; GI=800 ns; TcpNewReno; payloadSize=1472; default RngSeed=1/RngRun=1; PCAP disabled; raw log=/home/yuexin/ns-3.47/q2-distance-logs/distance-075m.log
q2-distance-080m,Q2-2,Codex-assisted run,2026-09-20,ee37baa27054d1f7bc0d03c907835170d6afad71,3.47,"./ns3 run ""wifi6610 --phyRate=HtMcs4 --simulationTime=3 --distance=80""","AP=(0,0,0) m; STA=(80,0,0) m; distance=80 m",large A-MPDU enabled (starter default),disabled,3,traffic starts 1 s; stop 4 s; sink total bytes / 3 s,final application receive throughput at AP,30.2761,Mbit/s,,Uncommitted source change: added --distance; SHA256=81c96f346e37c41a228c09da4e6b2b863652634facd7b90698b8137806b9294c; HtMcs4; 100 Mbps offered; 5 GHz; 20 MHz; GI=800 ns; TcpNewReno; payloadSize=1472; default RngSeed=1/RngRun=1; PCAP disabled; raw log=/home/yuexin/ns-3.47/q2-distance-logs/distance-080m.log
q2-distance-085m,Q2-2,Codex-assisted run,2026-09-20,ee37baa27054d1f7bc0d03c907835170d6afad71,3.47,"./ns3 run ""wifi6610 --phyRate=HtMcs4 --simulationTime=3 --distance=85""","AP=(0,0,0) m; STA=(85,0,0) m; distance=85 m",large A-MPDU enabled (starter default),disabled,3,traffic starts 1 s; stop 4 s; sink total bytes / 3 s,final application receive throughput at AP,30.28,Mbit/s,,Uncommitted source change: added --distance; SHA256=81c96f346e37c41a228c09da4e6b2b863652634facd7b90698b8137806b9294c; HtMcs4; 100 Mbps offered; 5 GHz; 20 MHz; GI=800 ns; TcpNewReno; payloadSize=1472; default RngSeed=1/RngRun=1; PCAP disabled; raw log=/home/yuexin/ns-3.47/q2-distance-logs/distance-085m.log
q2-distance-090m,Q2-2,Codex-assisted run,2026-09-20,ee37baa27054d1f7bc0d03c907835170d6afad71,3.47,"./ns3 run ""wifi6610 --phyRate=HtMcs4 --simulationTime=3 --distance=90""","AP=(0,0,0) m; STA=(90,0,0) m; distance=90 m",large A-MPDU enabled (starter default),disabled,3,traffic starts 1 s; stop 4 s; sink total bytes / 3 s,final application receive throughput at AP,30.3428,Mbit/s,,Uncommitted source change: added --distance; SHA256=81c96f346e37c41a228c09da4e6b2b863652634facd7b90698b8137806b9294c; HtMcs4; 100 Mbps offered; 5 GHz; 20 MHz; GI=800 ns; TcpNewReno; payloadSize=1472; default RngSeed=1/RngRun=1; PCAP disabled; raw log=/home/yuexin/ns-3.47/q2-distance-logs/distance-090m.log
q2-distance-095m,Q2-2,Codex-assisted run,2026-09-20,ee37baa27054d1f7bc0d03c907835170d6afad71,3.47,"./ns3 run ""wifi6610 --phyRate=HtMcs4 --simulationTime=3 --distance=95""","AP=(0,0,0) m; STA=(95,0,0) m; distance=95 m",large A-MPDU enabled (starter default),disabled,3,traffic starts 1 s; stop 4 s; sink total bytes / 3 s,final application receive throughput at AP,30.3428,Mbit/s,,Uncommitted source change: added --distance; SHA256=81c96f346e37c41a228c09da4e6b2b863652634facd7b90698b8137806b9294c; HtMcs4; 100 Mbps offered; 5 GHz; 20 MHz; GI=800 ns; TcpNewReno; payloadSize=1472; default RngSeed=1/RngRun=1; PCAP disabled; raw log=/home/yuexin/ns-3.47/q2-distance-logs/distance-095m.log
q2-distance-100m,Q2-2,Codex-assisted run,2026-09-20,ee37baa27054d1f7bc0d03c907835170d6afad71,3.47,"./ns3 run ""wifi6610 --phyRate=HtMcs4 --simulationTime=3 --distance=100""","AP=(0,0,0) m; STA=(100,0,0) m; distance=100 m",large A-MPDU enabled (starter default),disabled,3,traffic starts 1 s; stop 4 s; sink total bytes / 3 s,final application receive throughput at AP,30.3428,Mbit/s,,Uncommitted source change: added --distance; SHA256=81c96f346e37c41a228c09da4e6b2b863652634facd7b90698b8137806b9294c; HtMcs4; 100 Mbps offered; 5 GHz; 20 MHz; GI=800 ns; TcpNewReno; payloadSize=1472; default RngSeed=1/RngRun=1; PCAP disabled; raw log=/home/yuexin/ns-3.47/q2-distance-logs/distance-100m.log
q2-distance-105m,Q2-2,Codex-assisted run,2026-09-20,ee37baa27054d1f7bc0d03c907835170d6afad71,3.47,"./ns3 run ""wifi6610 --phyRate=HtMcs4 --simulationTime=3 --distance=105""","AP=(0,0,0) m; STA=(105,0,0) m; distance=105 m",large A-MPDU enabled (starter default),disabled,3,traffic starts 1 s; stop 4 s; sink total bytes / 3 s,final application receive throughput at AP,30.3428,Mbit/s,,Uncommitted source change: added --distance; SHA256=81c96f346e37c41a228c09da4e6b2b863652634facd7b90698b8137806b9294c; HtMcs4; 100 Mbps offered; 5 GHz; 20 MHz; GI=800 ns; TcpNewReno; payloadSize=1472; default RngSeed=1/RngRun=1; PCAP disabled; raw log=/home/yuexin/ns-3.47/q2-distance-logs/distance-105m.log
q2-distance-110m,Q2-2,Codex-assisted run,2026-09-20,ee37baa27054d1f7bc0d03c907835170d6afad71,3.47,"./ns3 run ""wifi6610 --phyRate=HtMcs4 --simulationTime=3 --distance=110""","AP=(0,0,0) m; STA=(110,0,0) m; distance=110 m",large A-MPDU enabled (starter default),disabled,3,traffic starts 1 s; stop 4 s; sink total bytes / 3 s,final application receive throughput at AP,30.3428,Mbit/s,,Uncommitted source change: added --distance; SHA256=81c96f346e37c41a228c09da4e6b2b863652634facd7b90698b8137806b9294c; HtMcs4; 100 Mbps offered; 5 GHz; 20 MHz; GI=800 ns; TcpNewReno; payloadSize=1472; default RngSeed=1/RngRun=1; PCAP disabled; raw log=/home/yuexin/ns-3.47/q2-distance-logs/distance-110m.log
q2-distance-115m,Q2-2,Codex-assisted run,2026-09-20,ee37baa27054d1f7bc0d03c907835170d6afad71,3.47,"./ns3 run ""wifi6610 --phyRate=HtMcs4 --simulationTime=3 --distance=115""","AP=(0,0,0) m; STA=(115,0,0) m; distance=115 m",large A-MPDU enabled (starter default),disabled,3,traffic starts 1 s; stop 4 s; sink total bytes / 3 s,final application receive throughput at AP,30.3428,Mbit/s,,Uncommitted source change: added --distance; SHA256=81c96f346e37c41a228c09da4e6b2b863652634facd7b90698b8137806b9294c; HtMcs4; 100 Mbps offered; 5 GHz; 20 MHz; GI=800 ns; TcpNewReno; payloadSize=1472; default RngSeed=1/RngRun=1; PCAP disabled; raw log=/home/yuexin/ns-3.47/q2-distance-logs/distance-115m.log
q2-distance-120m,Q2-2,Codex-assisted run,2026-09-20,ee37baa27054d1f7bc0d03c907835170d6afad71,3.47,"./ns3 run ""wifi6610 --phyRate=HtMcs4 --simulationTime=3 --distance=120""","AP=(0,0,0) m; STA=(120,0,0) m; distance=120 m",large A-MPDU enabled (starter default),disabled,3,traffic starts 1 s; stop 4 s; sink total bytes / 3 s,final application receive throughput at AP,30.3428,Mbit/s,,Uncommitted source change: added --distance; SHA256=81c96f346e37c41a228c09da4e6b2b863652634facd7b90698b8137806b9294c; HtMcs4; 100 Mbps offered; 5 GHz; 20 MHz; GI=800 ns; TcpNewReno; payloadSize=1472; default RngSeed=1/RngRun=1; PCAP disabled; raw log=/home/yuexin/ns-3.47/q2-distance-logs/distance-120m.log
q2-distance-125m,Q2-2,Codex-assisted run,2026-09-20,ee37baa27054d1f7bc0d03c907835170d6afad71,3.47,"./ns3 run ""wifi6610 --phyRate=HtMcs4 --simulationTime=3 --distance=125""","AP=(0,0,0) m; STA=(125,0,0) m; distance=125 m",large A-MPDU enabled (starter default),disabled,3,traffic starts 1 s; stop 4 s; sink total bytes / 3 s,final application receive throughput at AP,30.4998,Mbit/s,,Uncommitted source change: added --distance; SHA256=81c96f346e37c41a228c09da4e6b2b863652634facd7b90698b8137806b9294c; HtMcs4; 100 Mbps offered; 5 GHz; 20 MHz; GI=800 ns; TcpNewReno; payloadSize=1472; default RngSeed=1/RngRun=1; PCAP disabled; raw log=/home/yuexin/ns-3.47/q2-distance-logs/distance-125m.log
q2-distance-130m,Q2-2,Codex-assisted run,2026-09-20,ee37baa27054d1f7bc0d03c907835170d6afad71,3.47,"./ns3 run ""wifi6610 --phyRate=HtMcs4 --simulationTime=3 --distance=130""","AP=(0,0,0) m; STA=(130,0,0) m; distance=130 m",large A-MPDU enabled (starter default),disabled,3,traffic starts 1 s; stop 4 s; sink total bytes / 3 s,final application receive throughput at AP,30.4959,Mbit/s,,Uncommitted source change: added --distance; SHA256=81c96f346e37c41a228c09da4e6b2b863652634facd7b90698b8137806b9294c; HtMcs4; 100 Mbps offered; 5 GHz; 20 MHz; GI=800 ns; TcpNewReno; payloadSize=1472; default RngSeed=1/RngRun=1; PCAP disabled; raw log=/home/yuexin/ns-3.47/q2-distance-logs/distance-130m.log
q2-distance-135m,Q2-2,Codex-assisted run,2026-09-20,ee37baa27054d1f7bc0d03c907835170d6afad71,3.47,"./ns3 run ""wifi6610 --phyRate=HtMcs4 --simulationTime=3 --distance=135""","AP=(0,0,0) m; STA=(135,0,0) m; distance=135 m",large A-MPDU enabled (starter default),disabled,3,traffic starts 1 s; stop 4 s; sink total bytes / 3 s,final application receive throughput at AP,30.3428,Mbit/s,,Uncommitted source change: added --distance; SHA256=81c96f346e37c41a228c09da4e6b2b863652634facd7b90698b8137806b9294c; HtMcs4; 100 Mbps offered; 5 GHz; 20 MHz; GI=800 ns; TcpNewReno; payloadSize=1472; default RngSeed=1/RngRun=1; PCAP disabled; raw log=/home/yuexin/ns-3.47/q2-distance-logs/distance-135m.log
q2-distance-140m,Q2-2,Codex-assisted run,2026-09-20,ee37baa27054d1f7bc0d03c907835170d6afad71,3.47,"./ns3 run ""wifi6610 --phyRate=HtMcs4 --simulationTime=3 --distance=140""","AP=(0,0,0) m; STA=(140,0,0) m; distance=140 m",large A-MPDU enabled (starter default),disabled,3,traffic starts 1 s; stop 4 s; sink total bytes / 3 s,final application receive throughput at AP,30.3428,Mbit/s,,Uncommitted source change: added --distance; SHA256=81c96f346e37c41a228c09da4e6b2b863652634facd7b90698b8137806b9294c; HtMcs4; 100 Mbps offered; 5 GHz; 20 MHz; GI=800 ns; TcpNewReno; payloadSize=1472; default RngSeed=1/RngRun=1; PCAP disabled; raw log=/home/yuexin/ns-3.47/q2-distance-logs/distance-140m.log
q2-distance-145m,Q2-2,Codex-assisted run,2026-09-20,ee37baa27054d1f7bc0d03c907835170d6afad71,3.47,"./ns3 run ""wifi6610 --phyRate=HtMcs4 --simulationTime=3 --distance=145""","AP=(0,0,0) m; STA=(145,0,0) m; distance=145 m",large A-MPDU enabled (starter default),disabled,3,traffic starts 1 s; stop 4 s; sink total bytes / 3 s,final application receive throughput at AP,30.3428,Mbit/s,,Uncommitted source change: added --distance; SHA256=81c96f346e37c41a228c09da4e6b2b863652634facd7b90698b8137806b9294c; HtMcs4; 100 Mbps offered; 5 GHz; 20 MHz; GI=800 ns; TcpNewReno; payloadSize=1472; default RngSeed=1/RngRun=1; PCAP disabled; raw log=/home/yuexin/ns-3.47/q2-distance-logs/distance-145m.log
q2-distance-150m,Q2-2,Codex-assisted run,2026-09-20,ee37baa27054d1f7bc0d03c907835170d6afad71,3.47,"./ns3 run ""wifi6610 --phyRate=HtMcs4 --simulationTime=3 --distance=150""","AP=(0,0,0) m; STA=(150,0,0) m; distance=150 m",large A-MPDU enabled (starter default),disabled,3,traffic starts 1 s; stop 4 s; sink total bytes / 3 s,final application receive throughput at AP,30.4998,Mbit/s,,Uncommitted source change: added --distance; SHA256=81c96f346e37c41a228c09da4e6b2b863652634facd7b90698b8137806b9294c; HtMcs4; 100 Mbps offered; 5 GHz; 20 MHz; GI=800 ns; TcpNewReno; payloadSize=1472; default RngSeed=1/RngRun=1; PCAP disabled; raw log=/home/yuexin/ns-3.47/q2-distance-logs/distance-150m.log
q2-distance-155m,Q2-2,Codex-assisted run,2026-09-20,ee37baa27054d1f7bc0d03c907835170d6afad71,3.47,"./ns3 run ""wifi6610 --phyRate=HtMcs4 --simulationTime=3 --distance=155""","AP=(0,0,0) m; STA=(155,0,0) m; distance=155 m",large A-MPDU enabled (starter default),disabled,3,traffic starts 1 s; stop 4 s; sink total bytes / 3 s,final application receive throughput at AP,30.4998,Mbit/s,,Uncommitted source change: added --distance; SHA256=81c96f346e37c41a228c09da4e6b2b863652634facd7b90698b8137806b9294c; HtMcs4; 100 Mbps offered; 5 GHz; 20 MHz; GI=800 ns; TcpNewReno; payloadSize=1472; default RngSeed=1/RngRun=1; PCAP disabled; raw log=/home/yuexin/ns-3.47/q2-distance-logs/distance-155m.log
q2-distance-160m,Q2-2,Codex-assisted run,2026-09-20,ee37baa27054d1f7bc0d03c907835170d6afad71,3.47,"./ns3 run ""wifi6610 --phyRate=HtMcs4 --simulationTime=3 --distance=160""","AP=(0,0,0) m; STA=(160,0,0) m; distance=160 m",large A-MPDU enabled (starter default),disabled,3,traffic starts 1 s; stop 4 s; sink total bytes / 3 s,final application receive throughput at AP,30.4959,Mbit/s,,Uncommitted source change: added --distance; SHA256=81c96f346e37c41a228c09da4e6b2b863652634facd7b90698b8137806b9294c; HtMcs4; 100 Mbps offered; 5 GHz; 20 MHz; GI=800 ns; TcpNewReno; payloadSize=1472; default RngSeed=1/RngRun=1; PCAP disabled; raw log=/home/yuexin/ns-3.47/q2-distance-logs/distance-160m.log
q2-distance-165m,Q2-2,Codex-assisted run,2026-09-20,ee37baa27054d1f7bc0d03c907835170d6afad71,3.47,"./ns3 run ""wifi6610 --phyRate=HtMcs4 --simulationTime=3 --distance=165""","AP=(0,0,0) m; STA=(165,0,0) m; distance=165 m",large A-MPDU enabled (starter default),disabled,3,traffic starts 1 s; stop 4 s; sink total bytes / 3 s,final application receive throughput at AP,30.4959,Mbit/s,,Uncommitted source change: added --distance; SHA256=81c96f346e37c41a228c09da4e6b2b863652634facd7b90698b8137806b9294c; HtMcs4; 100 Mbps offered; 5 GHz; 20 MHz; GI=800 ns; TcpNewReno; payloadSize=1472; default RngSeed=1/RngRun=1; PCAP disabled; raw log=/home/yuexin/ns-3.47/q2-distance-logs/distance-165m.log
q2-distance-170m,Q2-2,Codex-assisted run,2026-09-20,ee37baa27054d1f7bc0d03c907835170d6afad71,3.47,"./ns3 run ""wifi6610 --phyRate=HtMcs4 --simulationTime=3 --distance=170""","AP=(0,0,0) m; STA=(170,0,0) m; distance=170 m",large A-MPDU enabled (starter default),disabled,3,traffic starts 1 s; stop 4 s; sink total bytes / 3 s,final application receive throughput at AP,30.4959,Mbit/s,,Uncommitted source change: added --distance; SHA256=81c96f346e37c41a228c09da4e6b2b863652634facd7b90698b8137806b9294c; HtMcs4; 100 Mbps offered; 5 GHz; 20 MHz; GI=800 ns; TcpNewReno; payloadSize=1472; default RngSeed=1/RngRun=1; PCAP disabled; raw log=/home/yuexin/ns-3.47/q2-distance-logs/distance-170m.log
q2-distance-175m,Q2-2,Codex-assisted run,2026-09-20,ee37baa27054d1f7bc0d03c907835170d6afad71,3.47,"./ns3 run ""wifi6610 --phyRate=HtMcs4 --simulationTime=3 --distance=175""","AP=(0,0,0) m; STA=(175,0,0) m; distance=175 m",large A-MPDU enabled (starter default),disabled,3,traffic starts 1 s; stop 4 s; sink total bytes / 3 s,final application receive throughput at AP,30.2722,Mbit/s,,Uncommitted source change: added --distance; SHA256=81c96f346e37c41a228c09da4e6b2b863652634facd7b90698b8137806b9294c; HtMcs4; 100 Mbps offered; 5 GHz; 20 MHz; GI=800 ns; TcpNewReno; payloadSize=1472; default RngSeed=1/RngRun=1; PCAP disabled; raw log=/home/yuexin/ns-3.47/q2-distance-logs/distance-175m.log
q2-distance-180m,Q2-2,Codex-assisted run,2026-09-20,ee37baa27054d1f7bc0d03c907835170d6afad71,3.47,"./ns3 run ""wifi6610 --phyRate=HtMcs4 --simulationTime=3 --distance=180""","AP=(0,0,0) m; STA=(180,0,0) m; distance=180 m",large A-MPDU enabled (starter default),disabled,3,traffic starts 1 s; stop 4 s; sink total bytes / 3 s,final application receive throughput at AP,30.2722,Mbit/s,,Uncommitted source change: added --distance; SHA256=81c96f346e37c41a228c09da4e6b2b863652634facd7b90698b8137806b9294c; HtMcs4; 100 Mbps offered; 5 GHz; 20 MHz; GI=800 ns; TcpNewReno; payloadSize=1472; default RngSeed=1/RngRun=1; PCAP disabled; raw log=/home/yuexin/ns-3.47/q2-distance-logs/distance-180m.log
q2-distance-185m,Q2-2,Codex-assisted run,2026-09-20,ee37baa27054d1f7bc0d03c907835170d6afad71,3.47,"./ns3 run ""wifi6610 --phyRate=HtMcs4 --simulationTime=3 --distance=185""","AP=(0,0,0) m; STA=(185,0,0) m; distance=185 m",large A-MPDU enabled (starter default),disabled,3,traffic starts 1 s; stop 4 s; sink total bytes / 3 s,final application receive throughput at AP,30.2722,Mbit/s,,Uncommitted source change: added --distance; SHA256=81c96f346e37c41a228c09da4e6b2b863652634facd7b90698b8137806b9294c; HtMcs4; 100 Mbps offered; 5 GHz; 20 MHz; GI=800 ns; TcpNewReno; payloadSize=1472; default RngSeed=1/RngRun=1; PCAP disabled; raw log=/home/yuexin/ns-3.47/q2-distance-logs/distance-185m.log
q2-distance-190m,Q2-2,Codex-assisted run,2026-09-20,ee37baa27054d1f7bc0d03c907835170d6afad71,3.47,"./ns3 run ""wifi6610 --phyRate=HtMcs4 --simulationTime=3 --distance=190""","AP=(0,0,0) m; STA=(190,0,0) m; distance=190 m",large A-MPDU enabled (starter default),disabled,3,traffic starts 1 s; stop 4 s; sink total bytes / 3 s,final application receive throughput at AP,30.2722,Mbit/s,,Uncommitted source change: added --distance; SHA256=81c96f346e37c41a228c09da4e6b2b863652634facd7b90698b8137806b9294c; HtMcs4; 100 Mbps offered; 5 GHz; 20 MHz; GI=800 ns; TcpNewReno; payloadSize=1472; default RngSeed=1/RngRun=1; PCAP disabled; raw log=/home/yuexin/ns-3.47/q2-distance-logs/distance-190m.log
q2-distance-195m,Q2-2,Codex-assisted run,2026-09-20,ee37baa27054d1f7bc0d03c907835170d6afad71,3.47,"./ns3 run ""wifi6610 --phyRate=HtMcs4 --simulationTime=3 --distance=195""","AP=(0,0,0) m; STA=(195,0,0) m; distance=195 m",large A-MPDU enabled (starter default),disabled,3,traffic starts 1 s; stop 4 s; sink total bytes / 3 s,final application receive throughput at AP,30.2722,Mbit/s,,Uncommitted source change: added --distance; SHA256=81c96f346e37c41a228c09da4e6b2b863652634facd7b90698b8137806b9294c; HtMcs4; 100 Mbps offered; 5 GHz; 20 MHz; GI=800 ns; TcpNewReno; payloadSize=1472; default RngSeed=1/RngRun=1; PCAP disabled; raw log=/home/yuexin/ns-3.47/q2-distance-logs/distance-195m.log
q2-distance-200m,Q2-2,Codex-assisted run,2026-09-20,ee37baa27054d1f7bc0d03c907835170d6afad71,3.47,"./ns3 run ""wifi6610 --phyRate=HtMcs4 --simulationTime=3 --distance=200""","AP=(0,0,0) m; STA=(200,0,0) m; distance=200 m",large A-MPDU enabled (starter default),disabled,3,traffic starts 1 s; stop 4 s; sink total bytes / 3 s,final application receive throughput at AP,30.2722,Mbit/s,,Uncommitted source change: added --distance; SHA256=81c96f346e37c41a228c09da4e6b2b863652634facd7b90698b8137806b9294c; HtMcs4; 100 Mbps offered; 5 GHz; 20 MHz; GI=800 ns; TcpNewReno; payloadSize=1472; default RngSeed=1/RngRun=1; PCAP disabled; raw log=/home/yuexin/ns-3.47/q2-distance-logs/distance-200m.log
q2-distance-205m,Q2-2,Codex-assisted run,2026-09-20,ee37baa27054d1f7bc0d03c907835170d6afad71,3.47,"./ns3 run ""wifi6610 --phyRate=HtMcs4 --simulationTime=3 --distance=205""","AP=(0,0,0) m; STA=(205,0,0) m; distance=205 m",large A-MPDU enabled (starter default),disabled,3,traffic starts 1 s; stop 4 s; sink total bytes / 3 s,final application receive throughput at AP,30.2682,Mbit/s,,Uncommitted source change: added --distance; SHA256=81c96f346e37c41a228c09da4e6b2b863652634facd7b90698b8137806b9294c; HtMcs4; 100 Mbps offered; 5 GHz; 20 MHz; GI=800 ns; TcpNewReno; payloadSize=1472; default RngSeed=1/RngRun=1; PCAP disabled; raw log=/home/yuexin/ns-3.47/q2-distance-logs/distance-205m.log
q2-distance-210m,Q2-2,Codex-assisted run,2026-09-20,ee37baa27054d1f7bc0d03c907835170d6afad71,3.47,"./ns3 run ""wifi6610 --phyRate=HtMcs4 --simulationTime=3 --distance=210""","AP=(0,0,0) m; STA=(210,0,0) m; distance=210 m",large A-MPDU enabled (starter default),disabled,3,traffic starts 1 s; stop 4 s; sink total bytes / 3 s,final application receive throughput at AP,30.2682,Mbit/s,,Uncommitted source change: added --distance; SHA256=81c96f346e37c41a228c09da4e6b2b863652634facd7b90698b8137806b9294c; HtMcs4; 100 Mbps offered; 5 GHz; 20 MHz; GI=800 ns; TcpNewReno; payloadSize=1472; default RngSeed=1/RngRun=1; PCAP disabled; raw log=/home/yuexin/ns-3.47/q2-distance-logs/distance-210m.log
q2-distance-215m,Q2-2,Codex-assisted run,2026-09-20,ee37baa27054d1f7bc0d03c907835170d6afad71,3.47,"./ns3 run ""wifi6610 --phyRate=HtMcs4 --simulationTime=3 --distance=215""","AP=(0,0,0) m; STA=(215,0,0) m; distance=215 m",large A-MPDU enabled (starter default),disabled,3,traffic starts 1 s; stop 4 s; sink total bytes / 3 s,final application receive throughput at AP,30.2094,Mbit/s,,Uncommitted source change: added --distance; SHA256=81c96f346e37c41a228c09da4e6b2b863652634facd7b90698b8137806b9294c; HtMcs4; 100 Mbps offered; 5 GHz; 20 MHz; GI=800 ns; TcpNewReno; payloadSize=1472; default RngSeed=1/RngRun=1; PCAP disabled; raw log=/home/yuexin/ns-3.47/q2-distance-logs/distance-215m.log
q2-distance-220m,Q2-2,Codex-assisted run,2026-09-20,ee37baa27054d1f7bc0d03c907835170d6afad71,3.47,"./ns3 run ""wifi6610 --phyRate=HtMcs4 --simulationTime=3 --distance=220""","AP=(0,0,0) m; STA=(220,0,0) m; distance=220 m",large A-MPDU enabled (starter default),disabled,3,traffic starts 1 s; stop 4 s; sink total bytes / 3 s,final application receive throughput at AP,30.2094,Mbit/s,,Uncommitted source change: added --distance; SHA256=81c96f346e37c41a228c09da4e6b2b863652634facd7b90698b8137806b9294c; HtMcs4; 100 Mbps offered; 5 GHz; 20 MHz; GI=800 ns; TcpNewReno; payloadSize=1472; default RngSeed=1/RngRun=1; PCAP disabled; raw log=/home/yuexin/ns-3.47/q2-distance-logs/distance-220m.log
q2-distance-225m,Q2-2,Codex-assisted run,2026-09-20,ee37baa27054d1f7bc0d03c907835170d6afad71,3.47,"./ns3 run ""wifi6610 --phyRate=HtMcs4 --simulationTime=3 --distance=225""","AP=(0,0,0) m; STA=(225,0,0) m; distance=225 m",large A-MPDU enabled (starter default),disabled,3,traffic starts 1 s; stop 4 s; sink total bytes / 3 s,final application receive throughput at AP,30.2682,Mbit/s,,Uncommitted source change: added --distance; SHA256=81c96f346e37c41a228c09da4e6b2b863652634facd7b90698b8137806b9294c; HtMcs4; 100 Mbps offered; 5 GHz; 20 MHz; GI=800 ns; TcpNewReno; payloadSize=1472; default RngSeed=1/RngRun=1; PCAP disabled; raw log=/home/yuexin/ns-3.47/q2-distance-logs/distance-225m.log
q2-distance-230m,Q2-2,Codex-assisted run,2026-09-20,ee37baa27054d1f7bc0d03c907835170d6afad71,3.47,"./ns3 run ""wifi6610 --phyRate=HtMcs4 --simulationTime=3 --distance=230""","AP=(0,0,0) m; STA=(230,0,0) m; distance=230 m",large A-MPDU enabled (starter default),disabled,3,traffic starts 1 s; stop 4 s; sink total bytes / 3 s,final application receive throughput at AP,30.2682,Mbit/s,,Uncommitted source change: added --distance; SHA256=81c96f346e37c41a228c09da4e6b2b863652634facd7b90698b8137806b9294c; HtMcs4; 100 Mbps offered; 5 GHz; 20 MHz; GI=800 ns; TcpNewReno; payloadSize=1472; default RngSeed=1/RngRun=1; PCAP disabled; raw log=/home/yuexin/ns-3.47/q2-distance-logs/distance-230m.log
q2-distance-235m,Q2-2,Codex-assisted run,2026-09-20,ee37baa27054d1f7bc0d03c907835170d6afad71,3.47,"./ns3 run ""wifi6610 --phyRate=HtMcs4 --simulationTime=3 --distance=235""","AP=(0,0,0) m; STA=(235,0,0) m; distance=235 m",large A-MPDU enabled (starter default),disabled,3,traffic starts 1 s; stop 4 s; sink total bytes / 3 s,final application receive throughput at AP,30.2682,Mbit/s,,Uncommitted source change: added --distance; SHA256=81c96f346e37c41a228c09da4e6b2b863652634facd7b90698b8137806b9294c; HtMcs4; 100 Mbps offered; 5 GHz; 20 MHz; GI=800 ns; TcpNewReno; payloadSize=1472; default RngSeed=1/RngRun=1; PCAP disabled; raw log=/home/yuexin/ns-3.47/q2-distance-logs/distance-235m.log
q2-distance-240m,Q2-2,Codex-assisted run,2026-09-20,ee37baa27054d1f7bc0d03c907835170d6afad71,3.47,"./ns3 run ""wifi6610 --phyRate=HtMcs4 --simulationTime=3 --distance=240""","AP=(0,0,0) m; STA=(240,0,0) m; distance=240 m",large A-MPDU enabled (starter default),disabled,3,traffic starts 1 s; stop 4 s; sink total bytes / 3 s,final application receive throughput at AP,30.2722,Mbit/s,,Uncommitted source change: added --distance; SHA256=81c96f346e37c41a228c09da4e6b2b863652634facd7b90698b8137806b9294c; HtMcs4; 100 Mbps offered; 5 GHz; 20 MHz; GI=800 ns; TcpNewReno; payloadSize=1472; default RngSeed=1/RngRun=1; PCAP disabled; raw log=/home/yuexin/ns-3.47/q2-distance-logs/distance-240m.log
q2-distance-245m,Q2-2,Codex-assisted run,2026-09-20,ee37baa27054d1f7bc0d03c907835170d6afad71,3.47,"./ns3 run ""wifi6610 --phyRate=HtMcs4 --simulationTime=3 --distance=245""","AP=(0,0,0) m; STA=(245,0,0) m; distance=245 m",large A-MPDU enabled (starter default),disabled,3,traffic starts 1 s; stop 4 s; sink total bytes / 3 s,final application receive throughput at AP,30.2682,Mbit/s,,Uncommitted source change: added --distance; SHA256=81c96f346e37c41a228c09da4e6b2b863652634facd7b90698b8137806b9294c; HtMcs4; 100 Mbps offered; 5 GHz; 20 MHz; GI=800 ns; TcpNewReno; payloadSize=1472; default RngSeed=1/RngRun=1; PCAP disabled; raw log=/home/yuexin/ns-3.47/q2-distance-logs/distance-245m.log
q2-distance-250m,Q2-2,Codex-assisted run,2026-09-20,ee37baa27054d1f7bc0d03c907835170d6afad71,3.47,"./ns3 run ""wifi6610 --phyRate=HtMcs4 --simulationTime=3 --distance=250""","AP=(0,0,0) m; STA=(250,0,0) m; distance=250 m",large A-MPDU enabled (starter default),disabled,3,traffic starts 1 s; stop 4 s; sink total bytes / 3 s,final application receive throughput at AP,30.2682,Mbit/s,,Uncommitted source change: added --distance; SHA256=81c96f346e37c41a228c09da4e6b2b863652634facd7b90698b8137806b9294c; HtMcs4; 100 Mbps offered; 5 GHz; 20 MHz; GI=800 ns; TcpNewReno; payloadSize=1472; default RngSeed=1/RngRun=1; PCAP disabled; raw log=/home/yuexin/ns-3.47/q2-distance-logs/distance-250m.log
q2-distance-255m,Q2-2,Codex-assisted run,2026-09-20,ee37baa27054d1f7bc0d03c907835170d6afad71,3.47,"./ns3 run ""wifi6610 --phyRate=HtMcs4 --simulationTime=3 --distance=255""","AP=(0,0,0) m; STA=(255,0,0) m; distance=255 m",large A-MPDU enabled (starter default),disabled,3,traffic starts 1 s; stop 4 s; sink total bytes / 3 s,final application receive throughput at AP,30.2643,Mbit/s,,Uncommitted source change: added --distance; SHA256=81c96f346e37c41a228c09da4e6b2b863652634facd7b90698b8137806b9294c; HtMcs4; 100 Mbps offered; 5 GHz; 20 MHz; GI=800 ns; TcpNewReno; payloadSize=1472; default RngSeed=1/RngRun=1; PCAP disabled; raw log=/home/yuexin/ns-3.47/q2-distance-logs/distance-255m.log
q2-distance-260m,Q2-2,Codex-assisted run,2026-09-20,ee37baa27054d1f7bc0d03c907835170d6afad71,3.47,"./ns3 run ""wifi6610 --phyRate=HtMcs4 --simulationTime=3 --distance=260""","AP=(0,0,0) m; STA=(260,0,0) m; distance=260 m",large A-MPDU enabled (starter default),disabled,3,traffic starts 1 s; stop 4 s; sink total bytes / 3 s,final application receive throughput at AP,30.4959,Mbit/s,,Uncommitted source change: added --distance; SHA256=81c96f346e37c41a228c09da4e6b2b863652634facd7b90698b8137806b9294c; HtMcs4; 100 Mbps offered; 5 GHz; 20 MHz; GI=800 ns; TcpNewReno; payloadSize=1472; default RngSeed=1/RngRun=1; PCAP disabled; raw log=/home/yuexin/ns-3.47/q2-distance-logs/distance-260m.log
q2-distance-265m,Q2-2,Codex-assisted run,2026-09-20,ee37baa27054d1f7bc0d03c907835170d6afad71,3.47,"./ns3 run ""wifi6610 --phyRate=HtMcs4 --simulationTime=3 --distance=265""","AP=(0,0,0) m; STA=(265,0,0) m; distance=265 m",large A-MPDU enabled (starter default),disabled,3,traffic starts 1 s; stop 4 s; sink total bytes / 3 s,final application receive throughput at AP,30.3428,Mbit/s,,Uncommitted source change: added --distance; SHA256=81c96f346e37c41a228c09da4e6b2b863652634facd7b90698b8137806b9294c; HtMcs4; 100 Mbps offered; 5 GHz; 20 MHz; GI=800 ns; TcpNewReno; payloadSize=1472; default RngSeed=1/RngRun=1; PCAP disabled; raw log=/home/yuexin/ns-3.47/q2-distance-logs/distance-265m.log
q2-distance-270m,Q2-2,Codex-assisted run,2026-09-20,ee37baa27054d1f7bc0d03c907835170d6afad71,3.47,"./ns3 run ""wifi6610 --phyRate=HtMcs4 --simulationTime=3 --distance=270""","AP=(0,0,0) m; STA=(270,0,0) m; distance=270 m",large A-MPDU enabled (starter default),disabled,3,traffic starts 1 s; stop 4 s; sink total bytes / 3 s,final application receive throughput at AP,30.3821,Mbit/s,,Uncommitted source change: added --distance; SHA256=81c96f346e37c41a228c09da4e6b2b863652634facd7b90698b8137806b9294c; HtMcs4; 100 Mbps offered; 5 GHz; 20 MHz; GI=800 ns; TcpNewReno; payloadSize=1472; default RngSeed=1/RngRun=1; PCAP disabled; raw log=/home/yuexin/ns-3.47/q2-distance-logs/distance-270m.log
q2-distance-275m,Q2-2,Codex-assisted run,2026-09-20,ee37baa27054d1f7bc0d03c907835170d6afad71,3.47,"./ns3 run ""wifi6610 --phyRate=HtMcs4 --simulationTime=3 --distance=275""","AP=(0,0,0) m; STA=(275,0,0) m; distance=275 m",large A-MPDU enabled (starter default),disabled,3,traffic starts 1 s; stop 4 s; sink total bytes / 3 s,final application receive throughput at AP,30.6726,Mbit/s,,Uncommitted source change: added --distance; SHA256=81c96f346e37c41a228c09da4e6b2b863652634facd7b90698b8137806b9294c; HtMcs4; 100 Mbps offered; 5 GHz; 20 MHz; GI=800 ns; TcpNewReno; payloadSize=1472; default RngSeed=1/RngRun=1; PCAP disabled; raw log=/home/yuexin/ns-3.47/q2-distance-logs/distance-275m.log
q2-distance-280m,Q2-2,Codex-assisted run,2026-09-20,ee37baa27054d1f7bc0d03c907835170d6afad71,3.47,"./ns3 run ""wifi6610 --phyRate=HtMcs4 --simulationTime=3 --distance=280""","AP=(0,0,0) m; STA=(280,0,0) m; distance=280 m",large A-MPDU enabled (starter default),disabled,3,traffic starts 1 s; stop 4 s; sink total bytes / 3 s,final application receive throughput at AP,31.3477,Mbit/s,,Uncommitted source change: added --distance; SHA256=81c96f346e37c41a228c09da4e6b2b863652634facd7b90698b8137806b9294c; HtMcs4; 100 Mbps offered; 5 GHz; 20 MHz; GI=800 ns; TcpNewReno; payloadSize=1472; default RngSeed=1/RngRun=1; PCAP disabled; raw log=/home/yuexin/ns-3.47/q2-distance-logs/distance-280m.log
q2-distance-285m,Q2-2,Codex-assisted run,2026-09-20,ee37baa27054d1f7bc0d03c907835170d6afad71,3.47,"./ns3 run ""wifi6610 --phyRate=HtMcs4 --simulationTime=3 --distance=285""","AP=(0,0,0) m; STA=(285,0,0) m; distance=285 m",large A-MPDU enabled (starter default),disabled,3,traffic starts 1 s; stop 4 s; sink total bytes / 3 s,final application receive throughput at AP,31.23,Mbit/s,,Uncommitted source change: added --distance; SHA256=81c96f346e37c41a228c09da4e6b2b863652634facd7b90698b8137806b9294c; HtMcs4; 100 Mbps offered; 5 GHz; 20 MHz; GI=800 ns; TcpNewReno; payloadSize=1472; default RngSeed=1/RngRun=1; PCAP disabled; raw log=/home/yuexin/ns-3.47/q2-distance-logs/distance-285m.log
q2-distance-290m,Q2-2,Codex-assisted run,2026-09-20,ee37baa27054d1f7bc0d03c907835170d6afad71,3.47,"./ns3 run ""wifi6610 --phyRate=HtMcs4 --simulationTime=3 --distance=290""","AP=(0,0,0) m; STA=(290,0,0) m; distance=290 m",large A-MPDU enabled (starter default),disabled,3,traffic starts 1 s; stop 4 s; sink total bytes / 3 s,final application receive throughput at AP,30.0877,Mbit/s,,Uncommitted source change: added --distance; SHA256=81c96f346e37c41a228c09da4e6b2b863652634facd7b90698b8137806b9294c; HtMcs4; 100 Mbps offered; 5 GHz; 20 MHz; GI=800 ns; TcpNewReno; payloadSize=1472; default RngSeed=1/RngRun=1; PCAP disabled; raw log=/home/yuexin/ns-3.47/q2-distance-logs/distance-290m.log
q2-distance-295m,Q2-2,Codex-assisted run,2026-09-20,ee37baa27054d1f7bc0d03c907835170d6afad71,3.47,"./ns3 run ""wifi6610 --phyRate=HtMcs4 --simulationTime=3 --distance=295""","AP=(0,0,0) m; STA=(295,0,0) m; distance=295 m",large A-MPDU enabled (starter default),disabled,3,traffic starts 1 s; stop 4 s; sink total bytes / 3 s,final application receive throughput at AP,30.3428,Mbit/s,,Uncommitted source change: added --distance; SHA256=81c96f346e37c41a228c09da4e6b2b863652634facd7b90698b8137806b9294c; HtMcs4; 100 Mbps offered; 5 GHz; 20 MHz; GI=800 ns; TcpNewReno; payloadSize=1472; default RngSeed=1/RngRun=1; PCAP disabled; raw log=/home/yuexin/ns-3.47/q2-distance-logs/distance-295m.log
q2-distance-300m,Q2-2,Codex-assisted run,2026-09-20,ee37baa27054d1f7bc0d03c907835170d6afad71,3.47,"./ns3 run ""wifi6610 --phyRate=HtMcs4 --simulationTime=3 --distance=300""","AP=(0,0,0) m; STA=(300,0,0) m; distance=300 m",large A-MPDU enabled (starter default),disabled,3,traffic starts 1 s; stop 4 s; sink total bytes / 3 s,final application receive throughput at AP,30.4606,Mbit/s,,Uncommitted source change: added --distance; SHA256=81c96f346e37c41a228c09da4e6b2b863652634facd7b90698b8137806b9294c; HtMcs4; 100 Mbps offered; 5 GHz; 20 MHz; GI=800 ns; TcpNewReno; payloadSize=1472; default RngSeed=1/RngRun=1; PCAP disabled; raw log=/home/yuexin/ns-3.47/q2-distance-logs/distance-300m.log
q2-distance-305m,Q2-2,Codex-assisted run,2026-09-20,ee37baa27054d1f7bc0d03c907835170d6afad71,3.47,"./ns3 run ""wifi6610 --phyRate=HtMcs4 --simulationTime=3 --distance=305""","AP=(0,0,0) m; STA=(305,0,0) m; distance=305 m",large A-MPDU enabled (starter default),disabled,3,traffic starts 1 s; stop 4 s; sink total bytes / 3 s,final application receive throughput at AP,29.5421,Mbit/s,,Uncommitted source change: added --distance; SHA256=81c96f346e37c41a228c09da4e6b2b863652634facd7b90698b8137806b9294c; HtMcs4; 100 Mbps offered; 5 GHz; 20 MHz; GI=800 ns; TcpNewReno; payloadSize=1472; default RngSeed=1/RngRun=1; PCAP disabled; raw log=/home/yuexin/ns-3.47/q2-distance-logs/distance-305m.log
q2-distance-310m,Q2-2,Codex-assisted run,2026-09-20,ee37baa27054d1f7bc0d03c907835170d6afad71,3.47,"./ns3 run ""wifi6610 --phyRate=HtMcs4 --simulationTime=3 --distance=310""","AP=(0,0,0) m; STA=(310,0,0) m; distance=310 m",large A-MPDU enabled (starter default),disabled,3,traffic starts 1 s; stop 4 s; sink total bytes / 3 s,final application receive throughput at AP,28.2938,Mbit/s,,Uncommitted source change: added --distance; SHA256=81c96f346e37c41a228c09da4e6b2b863652634facd7b90698b8137806b9294c; HtMcs4; 100 Mbps offered; 5 GHz; 20 MHz; GI=800 ns; TcpNewReno; payloadSize=1472; default RngSeed=1/RngRun=1; PCAP disabled; raw log=/home/yuexin/ns-3.47/q2-distance-logs/distance-310m.log
q2-distance-315m,Q2-2,Codex-assisted run,2026-09-20,ee37baa27054d1f7bc0d03c907835170d6afad71,3.47,"./ns3 run ""wifi6610 --phyRate=HtMcs4 --simulationTime=3 --distance=315""","AP=(0,0,0) m; STA=(315,0,0) m; distance=315 m",large A-MPDU enabled (starter default),disabled,3,traffic starts 1 s; stop 4 s; sink total bytes / 3 s,final application receive throughput at AP,27.3792,Mbit/s,,Uncommitted source change: added --distance; SHA256=81c96f346e37c41a228c09da4e6b2b863652634facd7b90698b8137806b9294c; HtMcs4; 100 Mbps offered; 5 GHz; 20 MHz; GI=800 ns; TcpNewReno; payloadSize=1472; default RngSeed=1/RngRun=1; PCAP disabled; raw log=/home/yuexin/ns-3.47/q2-distance-logs/distance-315m.log
q2-distance-320m,Q2-2,Codex-assisted run,2026-09-20,ee37baa27054d1f7bc0d03c907835170d6afad71,3.47,"./ns3 run ""wifi6610 --phyRate=HtMcs4 --simulationTime=3 --distance=320""","AP=(0,0,0) m; STA=(320,0,0) m; distance=320 m",large A-MPDU enabled (starter default),disabled,3,traffic starts 1 s; stop 4 s; sink total bytes / 3 s,final application receive throughput at AP,25.6324,Mbit/s,,Uncommitted source change: added --distance; SHA256=81c96f346e37c41a228c09da4e6b2b863652634facd7b90698b8137806b9294c; HtMcs4; 100 Mbps offered; 5 GHz; 20 MHz; GI=800 ns; TcpNewReno; payloadSize=1472; default RngSeed=1/RngRun=1; PCAP disabled; raw log=/home/yuexin/ns-3.47/q2-distance-logs/distance-320m.log
q2-distance-325m,Q2-2,Codex-assisted run,2026-09-20,ee37baa27054d1f7bc0d03c907835170d6afad71,3.47,"./ns3 run ""wifi6610 --phyRate=HtMcs4 --simulationTime=3 --distance=325""","AP=(0,0,0) m; STA=(325,0,0) m; distance=325 m",large A-MPDU enabled (starter default),disabled,3,traffic starts 1 s; stop 4 s; sink total bytes / 3 s,final application receive throughput at AP,24.0152,Mbit/s,,Uncommitted source change: added --distance; SHA256=81c96f346e37c41a228c09da4e6b2b863652634facd7b90698b8137806b9294c; HtMcs4; 100 Mbps offered; 5 GHz; 20 MHz; GI=800 ns; TcpNewReno; payloadSize=1472; default RngSeed=1/RngRun=1; PCAP disabled; raw log=/home/yuexin/ns-3.47/q2-distance-logs/distance-325m.log
q2-distance-330m,Q2-2,Codex-assisted run,2026-09-20,ee37baa27054d1f7bc0d03c907835170d6afad71,3.47,"./ns3 run ""wifi6610 --phyRate=HtMcs4 --simulationTime=3 --distance=330""","AP=(0,0,0) m; STA=(330,0,0) m; distance=330 m",large A-MPDU enabled (starter default),disabled,3,traffic starts 1 s; stop 4 s; sink total bytes / 3 s,final application receive throughput at AP,21.6325,Mbit/s,,Uncommitted source change: added --distance; SHA256=81c96f346e37c41a228c09da4e6b2b863652634facd7b90698b8137806b9294c; HtMcs4; 100 Mbps offered; 5 GHz; 20 MHz; GI=800 ns; TcpNewReno; payloadSize=1472; default RngSeed=1/RngRun=1; PCAP disabled; raw log=/home/yuexin/ns-3.47/q2-distance-logs/distance-330m.log
q2-distance-335m,Q2-2,Codex-assisted run,2026-09-20,ee37baa27054d1f7bc0d03c907835170d6afad71,3.47,"./ns3 run ""wifi6610 --phyRate=HtMcs4 --simulationTime=3 --distance=335""","AP=(0,0,0) m; STA=(335,0,0) m; distance=335 m",large A-MPDU enabled (starter default),disabled,3,traffic starts 1 s; stop 4 s; sink total bytes / 3 s,final application receive throughput at AP,19.3166,Mbit/s,,Uncommitted source change: added --distance; SHA256=81c96f346e37c41a228c09da4e6b2b863652634facd7b90698b8137806b9294c; HtMcs4; 100 Mbps offered; 5 GHz; 20 MHz; GI=800 ns; TcpNewReno; payloadSize=1472; default RngSeed=1/RngRun=1; PCAP disabled; raw log=/home/yuexin/ns-3.47/q2-distance-logs/distance-335m.log
q2-distance-340m,Q2-2,Codex-assisted run,2026-09-20,ee37baa27054d1f7bc0d03c907835170d6afad71,3.47,"./ns3 run ""wifi6610 --phyRate=HtMcs4 --simulationTime=3 --distance=340""","AP=(0,0,0) m; STA=(340,0,0) m; distance=340 m",large A-MPDU enabled (starter default),disabled,3,traffic starts 1 s; stop 4 s; sink total bytes / 3 s,final application receive throughput at AP,15.6974,Mbit/s,,Uncommitted source change: added --distance; SHA256=81c96f346e37c41a228c09da4e6b2b863652634facd7b90698b8137806b9294c; HtMcs4; 100 Mbps offered; 5 GHz; 20 MHz; GI=800 ns; TcpNewReno; payloadSize=1472; default RngSeed=1/RngRun=1; PCAP disabled; raw log=/home/yuexin/ns-3.47/q2-distance-logs/distance-340m.log
q2-distance-345m,Q2-2,Codex-assisted run,2026-09-20,ee37baa27054d1f7bc0d03c907835170d6afad71,3.47,"./ns3 run ""wifi6610 --phyRate=HtMcs4 --simulationTime=3 --distance=345""","AP=(0,0,0) m; STA=(345,0,0) m; distance=345 m",large A-MPDU enabled (starter default),disabled,3,traffic starts 1 s; stop 4 s; sink total bytes / 3 s,final application receive throughput at AP,12.6788,Mbit/s,,Uncommitted source change: added --distance; SHA256=81c96f346e37c41a228c09da4e6b2b863652634facd7b90698b8137806b9294c; HtMcs4; 100 Mbps offered; 5 GHz; 20 MHz; GI=800 ns; TcpNewReno; payloadSize=1472; default RngSeed=1/RngRun=1; PCAP disabled; raw log=/home/yuexin/ns-3.47/q2-distance-logs/distance-345m.log
q2-distance-350m,Q2-2,Codex-assisted run,2026-09-20,ee37baa27054d1f7bc0d03c907835170d6afad71,3.47,"./ns3 run ""wifi6610 --phyRate=HtMcs4 --simulationTime=3 --distance=350""","AP=(0,0,0) m; STA=(350,0,0) m; distance=350 m",large A-MPDU enabled (starter default),disabled,3,traffic starts 1 s; stop 4 s; sink total bytes / 3 s,final application receive throughput at AP,9.71913,Mbit/s,,Uncommitted source change: added --distance; SHA256=81c96f346e37c41a228c09da4e6b2b863652634facd7b90698b8137806b9294c; HtMcs4; 100 Mbps offered; 5 GHz; 20 MHz; GI=800 ns; TcpNewReno; payloadSize=1472; default RngSeed=1/RngRun=1; PCAP disabled; raw log=/home/yuexin/ns-3.47/q2-distance-logs/distance-350m.log
q2-distance-355m,Q2-2,Codex-assisted run,2026-09-20,ee37baa27054d1f7bc0d03c907835170d6afad71,3.47,"./ns3 run ""wifi6610 --phyRate=HtMcs4 --simulationTime=3 --distance=355""","AP=(0,0,0) m; STA=(355,0,0) m; distance=355 m",large A-MPDU enabled (starter default),disabled,3,traffic starts 1 s; stop 4 s; sink total bytes / 3 s,final application receive throughput at AP,6.35904,Mbit/s,,Uncommitted source change: added --distance; SHA256=81c96f346e37c41a228c09da4e6b2b863652634facd7b90698b8137806b9294c; HtMcs4; 100 Mbps offered; 5 GHz; 20 MHz; GI=800 ns; TcpNewReno; payloadSize=1472; default RngSeed=1/RngRun=1; PCAP disabled; raw log=/home/yuexin/ns-3.47/q2-distance-logs/distance-355m.log
q2-distance-360m,Q2-2,Codex-assisted run,2026-09-20,ee37baa27054d1f7bc0d03c907835170d6afad71,3.47,"./ns3 run ""wifi6610 --phyRate=HtMcs4 --simulationTime=3 --distance=360""","AP=(0,0,0) m; STA=(360,0,0) m; distance=360 m",large A-MPDU enabled (starter default),disabled,3,traffic starts 1 s; stop 4 s; sink total bytes / 3 s,final application receive throughput at AP,4.01954,Mbit/s,,Uncommitted source change: added --distance; SHA256=81c96f346e37c41a228c09da4e6b2b863652634facd7b90698b8137806b9294c; HtMcs4; 100 Mbps offered; 5 GHz; 20 MHz; GI=800 ns; TcpNewReno; payloadSize=1472; default RngSeed=1/RngRun=1; PCAP disabled; raw log=/home/yuexin/ns-3.47/q2-distance-logs/distance-360m.log
q2-distance-365m,Q2-2,Codex-assisted run,2026-09-20,ee37baa27054d1f7bc0d03c907835170d6afad71,3.47,"./ns3 run ""wifi6610 --phyRate=HtMcs4 --simulationTime=3 --distance=365""","AP=(0,0,0) m; STA=(365,0,0) m; distance=365 m",large A-MPDU enabled (starter default),disabled,3,traffic starts 1 s; stop 4 s; sink total bytes / 3 s,final application receive throughput at AP,2.0294,Mbit/s,,Uncommitted source change: added --distance; SHA256=81c96f346e37c41a228c09da4e6b2b863652634facd7b90698b8137806b9294c; HtMcs4; 100 Mbps offered; 5 GHz; 20 MHz; GI=800 ns; TcpNewReno; payloadSize=1472; default RngSeed=1/RngRun=1; PCAP disabled; raw log=/home/yuexin/ns-3.47/q2-distance-logs/distance-365m.log
q2-distance-370m,Q2-2,Codex-assisted run,2026-09-20,ee37baa27054d1f7bc0d03c907835170d6afad71,3.47,"./ns3 run ""wifi6610 --phyRate=HtMcs4 --simulationTime=3 --distance=370""","AP=(0,0,0) m; STA=(370,0,0) m; distance=370 m",large A-MPDU enabled (starter default),disabled,3,traffic starts 1 s; stop 4 s; sink total bytes / 3 s,final application receive throughput at AP,0.981333,Mbit/s,,Uncommitted source change: added --distance; SHA256=81c96f346e37c41a228c09da4e6b2b863652634facd7b90698b8137806b9294c; HtMcs4; 100 Mbps offered; 5 GHz; 20 MHz; GI=800 ns; TcpNewReno; payloadSize=1472; default RngSeed=1/RngRun=1; PCAP disabled; raw log=/home/yuexin/ns-3.47/q2-distance-logs/distance-370m.log
q2-distance-375m,Q2-2,Codex-assisted run,2026-09-20,ee37baa27054d1f7bc0d03c907835170d6afad71,3.47,"./ns3 run ""wifi6610 --phyRate=HtMcs4 --simulationTime=3 --distance=375""","AP=(0,0,0) m; STA=(375,0,0) m; distance=375 m",large A-MPDU enabled (starter default),disabled,3,traffic starts 1 s; stop 4 s; sink total bytes / 3 s,final application receive throughput at AP,0.274773,Mbit/s,,Uncommitted source change: added --distance; SHA256=81c96f346e37c41a228c09da4e6b2b863652634facd7b90698b8137806b9294c; HtMcs4; 100 Mbps offered; 5 GHz; 20 MHz; GI=800 ns; TcpNewReno; payloadSize=1472; default RngSeed=1/RngRun=1; PCAP disabled; raw log=/home/yuexin/ns-3.47/q2-distance-logs/distance-375m.log
q2-distance-380m,Q2-2,Codex-assisted run,2026-09-20,ee37baa27054d1f7bc0d03c907835170d6afad71,3.47,"./ns3 run ""wifi6610 --phyRate=HtMcs4 --simulationTime=3 --distance=380""","AP=(0,0,0) m; STA=(380,0,0) m; distance=380 m",large A-MPDU enabled (starter default),disabled,3,traffic starts 1 s; stop 4 s; sink total bytes / 3 s,final application receive throughput at AP,0,Mbit/s,,Uncommitted source change: added --distance; SHA256=81c96f346e37c41a228c09da4e6b2b863652634facd7b90698b8137806b9294c; HtMcs4; 100 Mbps offered; 5 GHz; 20 MHz; GI=800 ns; TcpNewReno; payloadSize=1472; default RngSeed=1/RngRun=1; PCAP disabled; raw log=/home/yuexin/ns-3.47/q2-distance-logs/distance-380m.log
